,Unnamed: 0,Unnamed: 0.1,Unnamed: 0.1.1,Unnamed: 0.1.1.1,Unnamed: 0.1.1.1.1,artist,album,track_name,track_id,danceability,energy,key,loudness,mode,speechiness,instrumentalness,liveness,valence,tempo,duration_ms,time_signature,preview_url,explicit,popularity
0,0,0,0,6,6,David Guetta,Nothing but the Beat (Ultimate Edition),Titanium (feat. Sia),0TDLuuLlV54CkRRUOahJb4,0.604,0.787,0,-3.674,0,0.103,0.15,0.127,0.301,126.062,245040,4,https://p.scdn.co/mp3-preview/06392eaab5975806f18d8411f5b58f50b1899198?cid=a8d47110797841a4a391cfea300f7b78,False,79
1,1,1,1,7,7,Galantis,Heartbreak Anthem (with David Guetta & Little Mix),Heartbreak Anthem (with David Guetta & Little Mix),5K6Ssv4Z3zRvxt0P6EKUAP,0.595,0.784,1,-4.878,1,0.102,0.0,0.0608,0.479,124.111,183726,4,https://p.scdn.co/mp3-preview/d2a13788851a9ce6bef58c7c1175eaf112ff8715?cid=a8d47110797841a4a391cfea300f7b78,False,84
2,2,2,2,8,8,Justin Timberlake,The 20/20 Experience (Deluxe Version),Mirrors,4rHZZAmHpZrA3iH5zx8frV,0.574,0.512,5,-6.664,0,0.0503,0.0,0.0946,0.512,76.899,484147,4,https://p.scdn.co/mp3-preview/2043119fe220aa6026c0adf77a90ad1f6440e18e?cid=a8d47110797841a4a391cfea300f7b78,False,79
3,3,3,3,9,9,Justin Timberlake,"CAN'T STOP THE FEELING! (from DreamWorks Animation's ""TROLLS"")","CAN'T STOP THE FEELING! (from DreamWorks Animation's ""TROLLS"")",6JV2JOEocMgcZxYSZelKcc,0.666,0.83,0,-5.715,1,0.0751,0.0,0.191,0.702,113.03,236002,4,https://p.scdn.co/mp3-preview/001f7dbdff06d2ca3e57e1e42331345fdf2ac73a?cid=a8d47110797841a4a391cfea300f7b78,False,77
4,4,4,4,10,10,Wiz Khalifa,See You Again (feat. Charlie Puth),See You Again (feat. Charlie Puth),2JzZzZUQj3Qff7wapcbKjc,0.689,0.481,10,-7.503,1,0.0815,1.03e-06,0.0649,0.283,80.025,229526,4,https://p.scdn.co/mp3-preview/590bd9bcd6271980f996a447d6e7b0b651cc3dc5?cid=a8d47110797841a4a391cfea300f7b78,False,81
5,5,6,6,17,17,Arctic Monkeys,AM,Do I Wanna Know?,5FVd6KXrgO9B3JPmC8OPst,0.548,0.532,5,-7.596,1,0.0323,0.000263,0.217,0.405,85.03,272394,4,https://p.scdn.co/mp3-preview/73e00a0a59c897b16d0fe30df43f7aeb2997079d?cid=a8d47110797841a4a391cfea300f7b78,False,84
6,6,8,8,19,19,Pitbull,Global Warming: Meltdown (Deluxe Version),Timber (feat. Ke$ha),3cHyrEgdyYRjgJKSOiOtcS,0.581,0.963,11,-4.087,1,0.0981,0.0,0.139,0.788,129.992,204160,4,https://p.scdn.co/mp3-preview/d26c8392936843a07bb162853093de5bf2eb0011?cid=a8d47110797841a4a391cfea300f7b78,False,80
7,7,9,9,20,20,Pitbull,Global Warming: Meltdown (Deluxe Version),Feel This Moment (feat. Christina Aguilera),0Hf4aIJpsN4Os2f0y0VqWl,0.673,0.758,7,-3.632,1,0.158,0.0,0.341,0.542,135.956,229507,4,https://p.scdn.co/mp3-preview/68f4c7804fff74deba04b861d13d2743101233d5?cid=a8d47110797841a4a391cfea300f7b78,False,77
8,8,10,10,21,21,Pitbull,Planet Pit (Deluxe Version),"Give Me Everything (feat. Ne-Yo, Afrojack & Nayer)",4QNpBfC0zvjKqPJcyqBy9W,0.671,0.939,8,-3.206,1,0.161,0.0,0.298,0.53,129.024,252307,4,https://p.scdn.co/mp3-preview/3906aa5012624d4e35c2108207745eb48f3bdf0f?cid=a8d47110797841a4a391cfea300f7b78,False,81
9,9,12,12,23,23,Green Day,American Idiot,Wake Me up When September Ends,3ZffCQKLFLUvYM59XKLbVm,0.546,0.814,7,-5.146,1,0.0314,0.0,0.0972,0.146,104.98,285653,4,https://p.scdn.co/mp3-preview/a83eedd6b982d4afdc2ceaeb458f471118ad78aa?cid=a8d47110797841a4a391cfea300f7b78,False,77
10,10,14,16,31,31,ZAYN,Dusk Till Dawn (Radio Edit),Dusk Till Dawn - Radio Edit,1j4kHkkpqZRBwE0A4CN4Yv,0.258,0.437,11,-6.593,0,0.039,1.27e-06,0.106,0.0967,180.043,239000,4,https://p.scdn.co/mp3-preview/e2e03acfd38d7cfa2baa924e0e9c7a80f9b49137?cid=a8d47110797841a4a391cfea300f7b78,False,80
11,11,15,17,32,32,Sia,1000 Forms Of Fear,Chandelier,4VrWlk8IQxevMvERoX08iC,0.399,0.787,1,-2.88,1,0.0499,6.07e-05,0.0685,0.572,117.089,216120,5,https://p.scdn.co/mp3-preview/f1898cf5fd5640d4f0d7faafa6c572fc29db3db6?cid=a8d47110797841a4a391cfea300f7b78,False,79
12,12,16,18,33,33,Miley Cyrus,Bangerz (Deluxe Version),Wrecking Ball,2vwlzO0Qp8kfEtzTsCXfyE,0.53,0.422,5,-6.262,1,0.0342,0.0,0.107,0.349,119.964,221360,4,https://p.scdn.co/mp3-preview/73f134920237db5f77576099534ac22fd6773b96?cid=a8d47110797841a4a391cfea300f7b78,False,77
13,14,18,20,35,35,Miley Cyrus,Bangerz (Deluxe Version),We Can't Stop,2y4lAQpi5VTNLu2ldeTdUH,0.613,0.622,1,-5.794,0,0.0334,0.0,0.37,0.484,80.003,231240,4,https://p.scdn.co/mp3-preview/38ac1429ee3574d6a98d34d50462c2ae4c36cd79?cid=a8d47110797841a4a391cfea300f7b78,False,79
14,15,19,21,36,36,Flo Rida,Wild Ones,Good Feeling,2LEF1A8DOZ9wRYikWgVlZ8,0.706,0.89,1,-4.444,0,0.0688,0.00286,0.306,0.684,128.011,248133,4,https://p.scdn.co/mp3-preview/9b7c873ffd4d9893608532492679e0dfca0229f9?cid=a8d47110797841a4a391cfea300f7b78,False,76
15,16,21,23,38,38,Alicia Keys,The Diary Of Alicia Keys,If I Ain't Got You,3XVBdLihbNbxUwZosxcGuJ,0.609,0.444,7,-9.129,1,0.106,6.86e-06,0.104,0.166,118.402,228707,3,https://p.scdn.co/mp3-preview/d3aba884079b33f31cd4f98f1a2fecf1b31131e8?cid=a8d47110797841a4a391cfea300f7b78,False,80
16,17,22,24,39,39,Alicia Keys,Girl on Fire (Remixes) - EP,Girl on Fire,4esOae7i4rqTbAu9o5Pxco,0.482,0.706,9,-5.762,1,0.0607,0.00106,0.105,0.144,92.513,224920,4,https://p.scdn.co/mp3-preview/383fe123d74b2bb25cf433d1238c5774a879a3ff?cid=a8d47110797841a4a391cfea300f7b78,False,77
17,18,23,25,40,40,Britney Spears,In The Zone,Toxic,6I9VzXrHxO9rA9A5euc8Ak,0.774,0.838,5,-3.914,0,0.114,0.025,0.242,0.924,143.04,198800,4,https://p.scdn.co/mp3-preview/8465386fd6ce10f7ae3bd9c907825d7cb955ade0?cid=a8d47110797841a4a391cfea300f7b78,False,82
18,19,24,26,41,41,Britney Spears,...Baby One More Time (Digital Deluxe Version),...Baby One More Time,3MjUtNVVq3C8Fn0MP3zhXa,0.759,0.699,0,-5.745,0,0.0307,0.000131,0.443,0.907,92.96,211067,4,https://p.scdn.co/mp3-preview/da2134a161f1cb34d17c2d6d7e77cc93d1c1e6f7?cid=a8d47110797841a4a391cfea300f7b78,False,79
19,20,25,27,42,42,Britney Spears,Oops!... I Did It Again,Oops!...I Did It Again,6naxalmIoLFWR0siv8dnQQ,0.751,0.834,1,-5.444,0,0.0437,1.77e-05,0.355,0.894,95.053,211160,4,https://p.scdn.co/mp3-preview/7fb86827422540ad01f65870375fef055412f034?cid=a8d47110797841a4a391cfea300f7b78,False,78
20,21,26,28,43,43,Britney Spears,Femme Fatale (Deluxe Version),Criminal,6T689Jvh5KrSXyaPtUWZtQ,0.696,0.734,7,-5.294,1,0.0298,0.0,0.183,0.711,107.987,225080,4,https://p.scdn.co/mp3-preview/44a5dbc6508bfe3e70957e506e644538ed50bb2d?cid=a8d47110797841a4a391cfea300f7b78,False,72
21,22,28,31,47,47,Shakira,"Oral Fixation, Vol. 2 (Expanded Edition)",Hips Don't Lie (feat. Wyclef Jean),3ZFTkvIE7kyPt6Nu3PEa7V,0.778,0.824,10,-5.892,0,0.0707,0.0,0.405,0.758,100.024,218093,4,https://p.scdn.co/mp3-preview/9743b7c0f0f21da20168327a5c3ceb7f81a1df29?cid=a8d47110797841a4a391cfea300f7b78,False,82
22,23,29,32,48,48,Shakira,Waka Waka (This Time for Africa) [The Official 2010 FIFA World Cup (TM) Song] (feat. Freshlyground),Waka Waka (This Time for Africa) [The Official 2010 FIFA World Cup (TM) Song] (feat. Freshlyground),2Cd9iWfcOpGDHLz6tVA3G4,0.766,0.873,11,-6.381,0,0.143,0.0,0.0764,0.743,126.988,202627,4,https://p.scdn.co/mp3-preview/f01830f7be6c8b654d44c8f7a1f1d06756ab920f?cid=a8d47110797841a4a391cfea300f7b78,False,77
23,24,30,33,49,49,Twenty One Pilots,Blurryface,Ride,2Z8WuEywRWYTKe1NybPQEW,0.645,0.713,6,-5.355,1,0.0393,0.0,0.113,0.566,74.989,214507,4,https://p.scdn.co/mp3-preview/26fc2318d6ebad09ae7aed7adfce2b28413cea7e?cid=a8d47110797841a4a391cfea300f7b78,False,82
24,26,32,35,55,55,The Chainsmokers,Don't Let Me Down,Don't Let Me Down,1i1fxkWeaMmKEB4T7zqbzK,0.532,0.869,11,-5.094,1,0.172,0.00508,0.136,0.422,159.803,208373,4,https://p.scdn.co/mp3-preview/4f410d4293b502e25df3e782c443d1745382c3da?cid=a8d47110797841a4a391cfea300f7b78,False,80
25,27,33,36,56,56,Kesha,Animal (Expanded Edition),TiK ToK,0HPD5WQqrq7wPWR7P7Dw1i,0.755,0.837,2,-2.718,0,0.142,0.0,0.289,0.714,120.028,199693,4,https://p.scdn.co/mp3-preview/afe517465b2f133f65e56bc282491b2c5fd02b33?cid=a8d47110797841a4a391cfea300f7b78,False,81
26,28,34,37,57,57,Kesha,Warrior (Expanded Edition),Die Young,7EQGXaVSyEDsCWKmUcfpLk,0.711,0.7,1,-4.805,0,0.046,0.000125,0.215,0.801,128.001,211920,4,https://p.scdn.co/mp3-preview/d97043cf8c44a1d41f46fd6534726cf383f4f896?cid=a8d47110797841a4a391cfea300f7b78,False,80
27,29,35,38,58,58,Panic! At The Disco,Pray for the Wicked,High Hopes,1rqqCSm0Qe4I9rUvWncaom,0.579,0.904,5,-2.729,1,0.0618,0.0,0.064,0.681,82.014,190947,4,https://p.scdn.co/mp3-preview/f6404b1b3199442271c17d9e1461c3f2a52018f8?cid=a8d47110797841a4a391cfea300f7b78,False,81
28,30,36,39,61,0,Ed Sheeran,Shivers,Shivers,75MNhvTCCKsST3YqqUiU9r,0.788,0.859,2,-2.724,1,0.0856,0.0,0.0424,0.822,141.02,207853,4,https://p.scdn.co/mp3-preview/bb9f413d6876e265d09a5d2d93345c64f8ac4de8?cid=a8d47110797841a4a391cfea300f7b78,False,92
29,31,38,41,64,3,Ed Sheeran,Bad Habits,Bad Habits,6PQ88X9TkUIAUIZJHW2upE,0.808,0.897,11,-3.712,0,0.0348,3.14e-05,0.364,0.591,126.026,231041,4,https://p.scdn.co/mp3-preview/0e537207ad0fff8c9e9011735c665d99b9b58d5e?cid=a8d47110797841a4a391cfea300f7b78,False,95
30,32,40,45,80,19,One Direction,Made In The A.M. (Deluxe Edition),Drag Me Down,2K87XMYnUMqLcX3zvtAF4G,0.73,0.703,0,-5.672,0,0.0369,0.0,0.0657,0.595,138.113,192120,4,https://p.scdn.co/mp3-preview/09a6fcd9ca6aac808bf9ab042a55ca9ea63d66d0?cid=a8d47110797841a4a391cfea300f7b78,False,80
31,33,41,46,83,22,The Chainsmokers,Closer,Closer,7BKLCZ1jbUBVqRi2FVlTVw,0.748,0.524,8,-5.599,1,0.0338,0.0,0.111,0.661,95.01,244960,4,https://p.scdn.co/mp3-preview/8d3df1c64907cb183bff5a127b1525b530992afb?cid=a8d47110797841a4a391cfea300f7b78,False,85
32,34,42,49,87,26,Clean Bandit,Symphony (feat. Zara Larsson),Symphony (feat. Zara Larsson),1x5sYLZiu9r5E43kMlt9f8,0.707,0.629,0,-4.581,0,0.0563,1.6e-05,0.138,0.457,122.863,212459,4,https://p.scdn.co/mp3-preview/45e100c336ff5ebbc5bdbae4224f25aa08fa9ca2?cid=a8d47110797841a4a391cfea300f7b78,False,75
33,35,44,53,97,36,Alan Walker,Different World,Alone,3LlmKSHR3Rs0Y3KHQLAYDk,0.673,0.914,10,-3.962,1,0.0496,0.000478,0.186,0.183,97.021,160427,4,https://p.scdn.co/mp3-preview/7919623d0a448486305fe5a7f8a1459e9a72f535?cid=a8d47110797841a4a391cfea300f7b78,False,74
34,36,45,54,98,37,Alan Walker,Different World,Faded,698ItKASDavgwZ3WjaWjtz,0.468,0.627,6,-5.085,1,0.0476,7.97e-06,0.11,0.159,179.642,212107,4,https://p.scdn.co/mp3-preview/452d0f90e368128ef75f937c07d2011df7457221?cid=a8d47110797841a4a391cfea300f7b78,False,79
35,37,46,55,101,40,Stormzy,Heavy Is The Head,Own It (feat. Ed Sheeran & Burna Boy),4QPEwDdOMhY7rNS05mTyMR,0.817,0.781,7,-4.178,0,0.112,5.21e-06,0.123,0.359,104.0,216707,4,https://p.scdn.co/mp3-preview/71bc061f3c4d8b6880981df5b8630488b218bf30?cid=a8d47110797841a4a391cfea300f7b78,False,72
36,39,50,60,107,46,Little Mix,Get Weird (Expanded Edition),Black Magic,6rmXhRIemCTPyMYZRDN7Qg,0.776,0.875,4,-5.535,1,0.0575,0.0,0.314,0.849,111.988,211786,4,https://p.scdn.co/mp3-preview/cb73e91b4bdd49287650a06b273e7c1dd6fa1254?cid=a8d47110797841a4a391cfea300f7b78,False,76
37,40,51,61,108,47,Lauv,I met you when I was 18. (the playlist),I Like Me Better,2P91MQbaiQOfbiz9VqhqKQ,0.752,0.505,9,-7.621,1,0.253,2.55e-06,0.104,0.419,91.97,197437,4,https://p.scdn.co/mp3-preview/fa069a3be2d69aab5378b55f6c66d8b3eff1a6d3?cid=a8d47110797841a4a391cfea300f7b78,False,83
38,41,52,62,110,49,Becky G,Shower,Shower,3DmW6y7wTEYHJZlLo1r6XJ,0.699,0.529,2,-7.548,1,0.0487,3.59e-05,0.285,0.121,119.987,206167,4,https://p.scdn.co/mp3-preview/f8c945615b8bffea415fc5c1b8487abedfe033cb?cid=a8d47110797841a4a391cfea300f7b78,False,78
39,42,53,63,112,51,ZAYN,Icarus Falls,Dusk Till Dawn (feat. Sia) - Radio Edit,3e7sxremeOE3wTySiOhGiP,0.259,0.437,11,-6.589,0,0.0386,1.32e-06,0.106,0.0951,180.042,239000,4,https://p.scdn.co/mp3-preview/ee20eba8856ff2708b818fabcf6075b7d74f10cd?cid=a8d47110797841a4a391cfea300f7b78,False,76
40,44,55,65,117,56,A Great Big World,Is There Anybody Out There?,Say Something,6Vc5wAMmXdKIAM7WUoEb7N,0.407,0.147,2,-8.822,1,0.0355,2.89e-06,0.0913,0.0765,141.284,229400,3,https://p.scdn.co/mp3-preview/fe73e55ae08bf3395db3e1ba4485533f59faf3ea?cid=a8d47110797841a4a391cfea300f7b78,False,75
41,46,57,67,123,62,Ed Sheeran,x (Deluxe Edition),Thinking out Loud,34gCuhDGsG4bRPIf9bb02f,0.781,0.445,2,-6.061,1,0.0295,0.0,0.184,0.591,78.998,281560,4,https://p.scdn.co/mp3-preview/7fba47d0806142cb34ad2080a5f139eba915fe05?cid=a8d47110797841a4a391cfea300f7b78,False,83
42,48,59,69,126,65,Twenty One Pilots,Blurryface,Stressed Out,3CRDbSIZ4r5MsZ0YwxuEkn,0.734,0.637,4,-5.677,0,0.141,2.29e-05,0.0602,0.648,169.977,202333,4,https://p.scdn.co/mp3-preview/0e0951b811f06fea9162eb7e95e4bae4802d97af?cid=a8d47110797841a4a391cfea300f7b78,False,84
43,49,60,70,127,66,Sia,This Is Acting,Cheap Thrills,27SdWb2rFzO6GWiYDBTD9j,0.628,0.698,6,-5.608,0,0.105,0.00143,0.0907,0.732,89.976,211667,4,https://p.scdn.co/mp3-preview/88816b2040a092aa99d5b0e42945d79dc5027c1a?cid=a8d47110797841a4a391cfea300f7b78,False,77
44,51,62,72,130,69,Meghan Trainor,Title (Deluxe),Dear Future Husband,3cU2wBxuV6nFiuf6PJZNlC,0.655,0.782,1,-4.789,1,0.185,0.0,0.317,0.832,79.427,184227,4,https://p.scdn.co/mp3-preview/c6b59581df7d714784e538eeb198934990934c3b?cid=a8d47110797841a4a391cfea300f7b78,False,74
45,52,63,73,132,71,Martin Garrix,In the Name of Love,In the Name of Love,23L5CiUhw2jV1OIMwthR3S,0.501,0.519,4,-5.88,0,0.0409,0.0,0.454,0.168,133.99,195707,4,https://p.scdn.co/mp3-preview/cbd166d86a2d5a52930dd5fe509c1f2806aeab11?cid=a8d47110797841a4a391cfea300f7b78,False,77
46,53,64,74,134,73,P!nk,The Truth About Love,Just Give Me a Reason (feat. Nate Ruess),1mKXFLRA179hdOWQBwUk9e,0.778,0.547,2,-7.273,1,0.0489,0.000302,0.132,0.441,95.002,242733,4,https://p.scdn.co/mp3-preview/ef4de7cafc3510bd0664b6173c79dc6dee229039?cid=a8d47110797841a4a391cfea300f7b78,False,81
47,55,66,79,156,95,Red Hot Chili Peppers,Californication (Deluxe Edition),Californication,48UPSzbZjgc449aqz8bxox,0.592,0.767,9,-2.788,0,0.027,0.00165,0.127,0.328,96.483,329733,4,https://p.scdn.co/mp3-preview/175ce440229d2fb5361756f3e68c9647b86a8eee?cid=a8d47110797841a4a391cfea300f7b78,False,81
48,56,67,81,158,97,Calvin Harris,This Is What You Came For (feat. Rihanna),This Is What You Came For (feat. Rihanna),0azC730Exh71aQlOt9Zj3y,0.631,0.927,9,-2.787,0,0.0332,0.119,0.148,0.465,123.962,222160,4,https://p.scdn.co/mp3-preview/9299c6e159adbcaf008221af3ae6b989c19e0a58?cid=a8d47110797841a4a391cfea300f7b78,False,80
49,57,68,82,159,98,Calvin Harris,Motion,Summer,6YUTL4dYpB9xZO5qExPf05,0.596,0.856,4,-3.556,0,0.0346,0.0178,0.141,0.743,127.949,222533,4,https://p.scdn.co/mp3-preview/7747e4abf05e790168b4aeb87de9c008095677a9?cid=a8d47110797841a4a391cfea300f7b78,False,81
50,58,69,83,160,99,Calvin Harris,Motion,Outside (feat. Ellie Goulding),7MmG8p0F9N3C4AXdK6o6Eb,0.646,0.823,2,-4.123,0,0.0394,0.0,0.322,0.418,128.035,227267,4,https://p.scdn.co/mp3-preview/4af57d4ff6011df3fe2c9bb2d7c6900bc3376b77?cid=a8d47110797841a4a391cfea300f7b78,False,78
51,59,70,84,161,0,Adele,Easy On Me,Easy On Me,0gplL1WMoJ6iYaPgMCL0gX,0.604,0.366,5,-7.519,1,0.0282,0.0,0.133,0.13,141.981,224695,4,https://p.scdn.co/mp3-preview/c5014be1aeb2ab5f129e2789eff3ea87ecd5027f?cid=a8d47110797841a4a391cfea300f7b78,False,100
52,60,71,85,162,1,Adele,25,When We Were Young,7GgWAITsYJaRM3r50rfh5w,0.376,0.595,3,-5.936,1,0.0496,0.0,0.095,0.265,144.361,290900,4,https://p.scdn.co/mp3-preview/1328651bb04eb8d872e784cd07ecabf2bf89d291?cid=a8d47110797841a4a391cfea300f7b78,False,81
53,61,73,87,164,3,Adele,21,Someone Like You,1zwMYTA5nlNjZxYrvBB2pV,0.556,0.319,9,-8.251,1,0.0281,0.0,0.0996,0.294,135.187,285240,4,https://p.scdn.co/mp3-preview/ea92c058cb3df0cc9c4614b9de6c4b94c9d17f56?cid=a8d47110797841a4a391cfea300f7b78,False,82
54,62,74,88,165,4,Adele,25,Love In The Dark,7B5Npv8NjjTCzk8PLpU66h,0.331,0.341,9,-6.057,0,0.0309,0.0,0.109,0.152,109.821,285935,4,https://p.scdn.co/mp3-preview/08764cfa24673179d96d5e0e343ad218fb13a99d?cid=a8d47110797841a4a391cfea300f7b78,False,79
55,63,75,89,166,5,Adele,21,Set Fire to the Rain,73CMRj62VK8nUS4ezD2wvi,0.603,0.67,2,-3.882,0,0.0249,1.68e-06,0.112,0.446,107.993,242974,4,https://p.scdn.co/mp3-preview/96a6916345c00becc9b5ffcd841323ce609eb3e3?cid=a8d47110797841a4a391cfea300f7b78,False,80
56,64,76,90,167,6,Adele,Skyfall,Skyfall,6VObnIkLVruX4UVyxWhlqm,0.346,0.552,0,-6.864,0,0.0282,0.0,0.114,0.0789,75.881,286480,4,https://p.scdn.co/mp3-preview/68c26fb120ac16730ad0ac1c46e5bb9d9d60c70e?cid=a8d47110797841a4a391cfea300f7b78,False,80
57,65,77,91,168,7,Adele,25,Send My Love (To Your New Lover),0t7fVeEJxO2Xi4H2K5Svc9,0.688,0.533,6,-8.363,0,0.0865,3.48e-06,0.172,0.567,164.069,223079,4,https://p.scdn.co/mp3-preview/4636271b35c35f3c532176d8d6f561a26cbc2972?cid=a8d47110797841a4a391cfea300f7b78,False,78
58,66,78,92,169,8,Adele,19,Make You Feel My Love,5FgPwJ7Nh2FVmIXviKl2VF,0.317,0.172,10,-10.636,1,0.0326,0.000383,0.105,0.0963,65.18,212040,3,https://p.scdn.co/mp3-preview/2add0ce5d920bcd3166437d14db34bc42768fa44?cid=a8d47110797841a4a391cfea300f7b78,False,77
59,67,79,93,170,9,Adele,25,Hello,62PaSfnXSMyLshYJrlTuL3,0.578,0.43,5,-6.134,0,0.0305,0.0,0.0854,0.288,78.991,295502,4,https://p.scdn.co/mp3-preview/bd673ff312a0a8fc1ebce1f1f9f79db1eb0d232d?cid=a8d47110797841a4a391cfea300f7b78,False,77
60,68,90,108,186,25,Lil Nas X,7 EP,Old Town Road - Remix,2YpeDb67231RjR0MgVLzsG,0.878,0.619,6,-5.56,1,0.102,0.0,0.113,0.639,136.041,157067,4,https://p.scdn.co/mp3-preview/d94ec2ebe62fd52cf038760f57c251c145346bb2?cid=a8d47110797841a4a391cfea300f7b78,False,80
61,69,92,110,188,27,Lil Nas X,7 EP,Old Town Road,0F7FA14euOIX8KcbEturGH,0.907,0.53,1,-6.112,1,0.127,2.23e-06,0.101,0.507,135.998,113000,4,https://p.scdn.co/mp3-preview/eb79f705a57a20599ceaa12d412dda40fc42069d?cid=a8d47110797841a4a391cfea300f7b78,False,77
62,70,93,111,189,28,Lil Nas X,MONTERO,TALES OF DOMINICA,5S4PZ7AuYlYiVIVik3wHUf,0.742,0.734,8,-5.582,0,0.0407,0.00314,0.0834,0.541,114.952,146006,4,https://p.scdn.co/mp3-preview/daa99156106f0cc773ca787d34df618434cd0474?cid=a8d47110797841a4a391cfea300f7b78,False,77
63,71,95,113,191,30,Ed Sheeran,=,Bad Habits,3rmo8F54jFF8OgYsqTxm5d,0.807,0.893,11,-3.745,0,0.0347,2.79e-05,0.366,0.537,126.011,230747,4,https://p.scdn.co/mp3-preview/e0440ae1a5a38687fb54170742e9b83ebd33ddf3?cid=a8d47110797841a4a391cfea300f7b78,False,85
64,72,96,114,192,31,Ed Sheeran,=,Shivers,50nfwKoDiSYg8zOCREWAm5,0.788,0.859,2,-2.724,1,0.0856,0.0,0.0424,0.822,141.02,207853,4,https://p.scdn.co/mp3-preview/bb9f413d6876e265d09a5d2d93345c64f8ac4de8?cid=a8d47110797841a4a391cfea300f7b78,False,91
65,73,97,115,193,32,Ed Sheeran,=,Overpass Graffiti,4btFHqumCO31GksfuBLLv3,0.52,0.849,9,-3.794,0,0.186,0.0,0.119,0.774,175.908,236907,4,https://p.scdn.co/mp3-preview/fde3dbd32ba9483e8554dcf9d5d049d0a37b919c?cid=a8d47110797841a4a391cfea300f7b78,False,89
66,74,98,116,194,33,Ed Sheeran,÷ (Deluxe),Perfect,0tgVpDi06FyKpA1z0VMD4v,0.599,0.448,8,-6.312,1,0.0232,0.0,0.106,0.168,95.05,263400,3,https://p.scdn.co/mp3-preview/9779493d90a47f29e4257aa45bc6146d1ee9cb26?cid=a8d47110797841a4a391cfea300f7b78,False,87
67,75,99,117,195,34,Ed Sheeran,÷ (Deluxe),Shape of You,7qiZfU4dY1lWllzX7mPBI3,0.825,0.652,1,-3.183,0,0.0802,0.0,0.0931,0.931,95.977,233713,4,https://p.scdn.co/mp3-preview/84462d8e1e4d0f9e5ccd06f0da390f65843774a2?cid=a8d47110797841a4a391cfea300f7b78,False,86
68,78,102,120,198,37,Ed Sheeran,=,2step,2SUxn2O9NHL6GHGQFgwCY0,0.763,0.661,4,-5.592,0,0.056,0.0,0.117,0.632,95.002,153627,4,https://p.scdn.co/mp3-preview/3f756c16fc4afc7bb1e5f1ce415e55c1766ef9d6?cid=a8d47110797841a4a391cfea300f7b78,False,82
69,79,103,121,200,39,Ed Sheeran,÷ (Deluxe),Happier,2RttW7RAu5nOAfq6YFvApB,0.522,0.385,0,-7.355,1,0.0288,0.0,0.135,0.236,89.792,207520,4,https://p.scdn.co/mp3-preview/e2f5edb569c73916428ec0a2e0b56a9f777851dd?cid=a8d47110797841a4a391cfea300f7b78,False,82
72,85,114,134,245,84,Coldplay,Parachutes,Yellow,3AJwUDP919kvQ9QcozQPxg,0.429,0.661,11,-7.227,1,0.0281,0.000121,0.234,0.285,173.372,266773,4,https://p.scdn.co/mp3-preview/26ad91af2f13c2b7729cbc70856ce43f4c790a7b?cid=a8d47110797841a4a391cfea300f7b78,False,86
73,86,115,135,246,85,Coldplay,Music Of The Spheres,Let Somebody Go,4cGqn0E8JCSY9gQllQj4Mf,0.592,0.342,0,-8.93,1,0.0339,0.00245,0.11,0.155,130.953,241595,4,https://p.scdn.co/mp3-preview/0ca69ee9b317cfe088c6543a03b7fbdddcfe60b1?cid=a8d47110797841a4a391cfea300f7b78,False,84
74,87,116,136,247,86,Coldplay,A Rush of Blood to the Head,The Scientist,75JFxkI2RXiU7L9VXzMkle,0.557,0.442,5,-7.224,1,0.0243,1.46e-05,0.11,0.213,146.277,309600,4,https://p.scdn.co/mp3-preview/629609b84c9e4a008385440d9908d89e622b5fa1?cid=a8d47110797841a4a391cfea300f7b78,False,84
75,88,117,137,248,87,Coldplay,Memories...Do Not Open,Something Just Like This,6RUKPb4LETWmmr3iAEQktW,0.617,0.635,11,-6.769,0,0.0317,1.44e-05,0.164,0.446,103.019,247160,4,https://p.scdn.co/mp3-preview/cb1ae1f9e2f874dd2d19e4c29edb552777eb1e7a?cid=a8d47110797841a4a391cfea300f7b78,False,83
76,89,118,138,249,88,Coldplay,X&Y,Fix You,7LVHVU3tWfcxj5aiPFEW4Q,0.209,0.417,3,-8.74,1,0.0338,0.00196,0.113,0.124,138.178,295533,4,https://p.scdn.co/mp3-preview/46470abd1664c6f34efc0f07e0c2f1129616f28f?cid=a8d47110797841a4a391cfea300f7b78,False,82
77,90,119,139,250,89,Coldplay,A Head Full of Dreams,Hymn for the Weekend,3RiPr603aXAoi4GHyXx0uy,0.491,0.693,0,-6.487,0,0.0377,6.92e-06,0.325,0.412,90.027,258267,4,https://p.scdn.co/mp3-preview/723c09e9179390c3d17fb645c2c91a21eacee798?cid=a8d47110797841a4a391cfea300f7b78,False,81
78,91,120,140,251,90,Coldplay,Mylo Xyloto,Paradise,6nek1Nin9q48AVZcWs9e9D,0.449,0.585,5,-6.761,1,0.0268,8.75e-05,0.0833,0.212,139.631,278719,4,https://p.scdn.co/mp3-preview/b2beca03f2eff2b986d6b4924c7b3143ae2e86aa?cid=a8d47110797841a4a391cfea300f7b78,False,80
79,92,121,141,252,91,Coldplay,Viva La Vida or Death and All His Friends,Viva La Vida,1mea3bSkSGXuIRvnydlB5b,0.486,0.617,5,-7.115,0,0.0287,3.23e-06,0.109,0.417,138.015,242373,4,https://p.scdn.co/mp3-preview/ceb88eddfa4bac6be64e90606741ebedf8501893?cid=a8d47110797841a4a391cfea300f7b78,False,80
80,93,122,142,253,92,Coldplay,Parachutes,Sparks,7D0RhFcb3CrfPuTJ0obrod,0.371,0.268,1,-10.506,1,0.0281,0.0517,0.104,0.165,102.617,227093,3,https://p.scdn.co/mp3-preview/b8879c1f8a68d43439c969069590013ec8447abb?cid=a8d47110797841a4a391cfea300f7b78,False,80
81,94,131,152,263,102,Doja Cat,Boss Bitch,Boss Bitch,78qd8dvwea0Gosb6Fe6j3k,0.707,0.955,10,-4.593,0,0.222,0.0,0.202,0.575,125.989,134240,4,https://p.scdn.co/mp3-preview/42847ffa3c83fcfce624d09a8d3d39a15d53e199?cid=a8d47110797841a4a391cfea300f7b78,False,81
82,95,140,161,273,112,Travis Scott,ASTROWORLD,BUTTERFLY EFFECT,2cYqizR4lgvp4Qu6IQ3qGN,0.763,0.628,11,-5.85,1,0.05,0.0,0.114,0.193,140.958,190557,4,https://p.scdn.co/mp3-preview/ca4f131887eae894020e48ea809af1186c95f542?cid=a8d47110797841a4a391cfea300f7b78,False,79
86,101,152,173,304,143,Måneskin,Chosen,Beggin',3Wrjm47oTz2sjIgck11l5e,0.714,0.8,11,-4.808,0,0.0504,0.0,0.359,0.589,134.002,211560,4,https://p.scdn.co/mp3-preview/c956a56a9a3103ad75e95ce2cbb03a0bdd26332b?cid=a8d47110797841a4a391cfea300f7b78,False,94
87,102,156,177,308,147,Måneskin,Teatro d'ira - Vol. I,CORALINE,7HMz8o0m7ASQ3ImFPfhWTY,0.363,0.678,2,-4.939,0,0.0995,0.0,0.324,0.321,162.124,300413,4,https://p.scdn.co/mp3-preview/cfadd01da669945acce572e06b18eb20db9abf4e?cid=a8d47110797841a4a391cfea300f7b78,False,76
88,103,157,178,309,148,Måneskin,Il ballo della vita,Torna a casa,3590AAEoqH50z4UmhMIY85,0.425,0.638,1,-3.184,0,0.0759,0.0,0.177,0.45,81.396,230667,4,https://p.scdn.co/mp3-preview/9cde66768df5a5e11193280f552f89d3b381962a?cid=a8d47110797841a4a391cfea300f7b78,False,73
89,104,158,179,310,149,Måneskin,Chosen,Somebody Told Me,4AIatGjGyVipeEAzCMTqOg,0.614,0.867,2,-3.484,1,0.114,0.0,0.0821,0.775,148.885,161040,4,https://p.scdn.co/mp3-preview/df563fa13f253cd3ddf9d85246009cdad5390ac7?cid=a8d47110797841a4a391cfea300f7b78,False,72
90,105,159,180,311,150,Måneskin,Chosen,Chosen,2lDgdWIGLYuk74pDeRPgPF,0.658,0.892,6,-2.928,0,0.036,0.0,0.0723,0.919,107.944,162013,4,https://p.scdn.co/mp3-preview/334f972d3d0dbb57774e25744acc71c1fc47d270?cid=a8d47110797841a4a391cfea300f7b78,False,72
91,106,160,181,312,151,Måneskin,Il ballo della vita,Morirò da Re,1aX0Ki80LFzzhqxqRlqbAV,0.605,0.881,10,-2.563,1,0.153,0.0,0.038,0.928,193.788,157880,4,https://p.scdn.co/mp3-preview/63e92dd9136debcf611d9545436ce591e97af6ed?cid=a8d47110797841a4a391cfea300f7b78,False,71
92,107,161,182,313,152,Måneskin,Chosen,Let's Get It Started,6D2tOVX5MMl8jNVkwsFaWg,0.831,0.76,6,-4.184,1,0.0807,0.0,0.0871,0.865,113.969,146813,4,https://p.scdn.co/mp3-preview/cfba3277a8499e072c4a157b0d134fc7beac5d5a?cid=a8d47110797841a4a391cfea300f7b78,False,71
93,110,164,185,316,155,Bruno Mars,Unorthodox Jukebox,Locked out of Heaven,3w3y8KPTfNeOKPiqUTakBh,0.726,0.698,5,-4.165,1,0.0431,0.0,0.309,0.867,143.994,233478,4,https://p.scdn.co/mp3-preview/c647489f28d840b545b90e10067012f504dc7b68?cid=a8d47110797841a4a391cfea300f7b78,False,84
94,111,165,186,317,156,Bruno Mars,Unorthodox Jukebox,When I Was Your Man,0nJW01T7XtvILxQgC5J7Wh,0.612,0.28,0,-8.648,1,0.0434,0.0,0.088,0.387,72.795,213827,4,https://p.scdn.co/mp3-preview/d93150cf43f68c863d9f73a6f1e2b3e64e44488e?cid=a8d47110797841a4a391cfea300f7b78,False,84
95,112,166,187,318,157,Bruno Mars,Doo-Wops & Hooligans,Talking to the Moon,161DnLWsx1i3u1JT05lzqU,0.498,0.59,1,-4.721,0,0.032,0.0,0.107,0.0784,145.867,217867,4,https://p.scdn.co/mp3-preview/9189b7c627e8c048dfad1f556b3122f8c6f287fa?cid=a8d47110797841a4a391cfea300f7b78,False,83
96,113,167,188,319,158,Bruno Mars,24K Magic,That's What I Like,0KKkJNfGyhkQ5aFogxQAPU,0.853,0.56,1,-4.961,1,0.0406,0.0,0.0944,0.86,134.066,206693,4,https://p.scdn.co/mp3-preview/f09116ce18bd77f543e68a925e5a96509e79ac6a?cid=a8d47110797841a4a391cfea300f7b78,False,82
97,114,168,189,320,159,Bruno Mars,Doo-Wops & Hooligans,Just the Way You Are,7BqBn9nzAq8spo5e7cZ0dJ,0.635,0.841,5,-5.379,1,0.0422,0.0,0.0622,0.424,109.021,220734,4,https://p.scdn.co/mp3-preview/5e59e1274014d5fea89b447b392c7aeb625577c3?cid=a8d47110797841a4a391cfea300f7b78,False,81
98,116,170,191,322,161,Bruno Mars,Doo-Wops & Hooligans,Grenade,2tJulUYLDKOg9XrtVkMgcJ,0.704,0.558,2,-7.273,0,0.0542,0.0,0.107,0.245,110.444,222091,4,https://p.scdn.co/mp3-preview/88b88d189ee80db495cbcd312e4c0b8b67510e49?cid=a8d47110797841a4a391cfea300f7b78,False,77
99,117,171,192,323,162,Bruno Mars,24K Magic,24K Magic,6b8Be6ljOzmkOmFslEb23P,0.818,0.803,1,-4.282,1,0.0797,0.0,0.153,0.632,106.97,225983,4,https://p.scdn.co/mp3-preview/3213a35ec32d4c747e794072a5ef7b464b4fcb69?cid=a8d47110797841a4a391cfea300f7b78,False,78
107,146,221,250,421,260,Justin Bieber,No.6 Collaborations Project,I Don't Care (with Justin Bieber),0hVXuCcriWRGvwMV1r5Yn9,0.798,0.676,6,-5.041,1,0.0442,0.0,0.0894,0.843,101.956,219947,4,https://p.scdn.co/mp3-preview/2b38831139f617ee032faae6482979f3e631db1a?cid=a8d47110797841a4a391cfea300f7b78,False,76
108,151,227,256,435,274,Dua Lipa,Future Nostalgia,Levitating (feat. DaBaby),5nujrmhLynf4yMoMtj8AQF,0.702,0.825,6,-3.787,0,0.0601,0.0,0.0674,0.915,102.977,203064,4,https://p.scdn.co/mp3-preview/a690735072e85bebf1140d542365751629ae3d74?cid=a8d47110797841a4a391cfea300f7b78,False,87
109,152,228,257,436,275,Dua Lipa,Future Nostalgia,Levitating,39LLxExYz6ewLAcYrzQQyP,0.695,0.884,6,-2.278,0,0.0753,0.0,0.213,0.914,103.014,203808,4,https://p.scdn.co/mp3-preview/fd22dba2fdce72d699aa81dc298e9dca40ece9e3?cid=a8d47110797841a4a391cfea300f7b78,False,85
110,153,229,258,437,276,Dua Lipa,Future Nostalgia,Don't Start Now,3PfIrDoz19wz7qK7tYeu62,0.793,0.793,11,-4.521,0,0.083,0.0,0.0951,0.679,123.95,183290,4,https://p.scdn.co/mp3-preview/b6f2baf2ed4a1eae6401a002f1324a2f29de81c0?cid=a8d47110797841a4a391cfea300f7b78,False,82
111,154,230,259,438,277,Dua Lipa,One Kiss (with Dua Lipa),One Kiss (with Dua Lipa),7ef4DlsgrMEH11cDZd32M6,0.791,0.862,9,-3.24,0,0.11,2.19e-05,0.0814,0.592,123.994,214847,4,https://p.scdn.co/mp3-preview/34b3b95afb8e1d34363f01b194b4a729100d3710?cid=a8d47110797841a4a391cfea300f7b78,False,81
112,155,231,260,439,278,Dua Lipa,Future Nostalgia (The Moonlight Edition),We're Good,1diS6nkxMQc3wwC4G1j0bh,0.722,0.588,6,-5.932,1,0.0544,0.0,0.183,0.59,134.01,165507,4,https://p.scdn.co/mp3-preview/cbfa38909cb033b2672f188cf26ca788ec3bfa07?cid=a8d47110797841a4a391cfea300f7b78,False,80
113,156,232,261,440,279,Dua Lipa,Dua Lipa (Deluxe),New Rules,2ekn2ttSfGqwhhate0LSR0,0.762,0.7,9,-6.021,0,0.0694,1.56e-05,0.153,0.608,116.073,209320,4,https://p.scdn.co/mp3-preview/75a1b521de23958a2db9acf4fc8151999ee54bd7?cid=a8d47110797841a4a391cfea300f7b78,False,79
114,157,233,262,442,281,Dua Lipa,Future Nostalgia,Break My Heart,017PF4Q3l4DBUiWoXk4OWT,0.73,0.729,4,-3.434,0,0.0884,1.39e-06,0.349,0.467,113.011,221820,4,https://p.scdn.co/mp3-preview/2b5685278d122b5f6b4564cf7b0aaf25b1cf9e5d?cid=a8d47110797841a4a391cfea300f7b78,False,79
115,158,234,263,443,282,Dua Lipa,Future Nostalgia,Love Again,4rPkN1FMzQyFNP9cLUGIIB,0.659,0.667,11,-4.668,0,0.0339,2.85e-05,0.1,0.468,115.982,258004,4,https://p.scdn.co/mp3-preview/71cb81676426196ac9cb23c94c16de85eb230ddc?cid=a8d47110797841a4a391cfea300f7b78,False,79
132,191,280,312,515,354,Tiësto,The Business,The Business,6f3Slt0GbA2bPZlz0aIFXN,0.798,0.62,8,-7.079,0,0.232,0.0192,0.112,0.235,120.031,164000,4,https://p.scdn.co/mp3-preview/676cb431611544326bb3e81c72d8dc5b27e0c9ad?cid=a8d47110797841a4a391cfea300f7b78,False,87
133,192,281,313,516,355,Tiësto,The Motto,The Motto,18asYwWugKjjsihZ0YvRxO,0.754,0.763,7,-4.627,0,0.0435,2.23e-05,0.0901,0.464,117.953,164819,4,https://p.scdn.co/mp3-preview/77c4f335a4735b24684375b9dcc18533bd5a2b2f?cid=a8d47110797841a4a391cfea300f7b78,False,81
139,203,293,326,544,383,BTS,Music Of The Spheres,My Universe,46HNZY1i7O6jwTA7Slo2PI,0.573,0.711,1,-6.268,0,0.0406,0.0,0.328,0.47,105.006,226198,4,https://p.scdn.co/mp3-preview/5da74c03a1f17ed58315050022c1452fb431a2ad?cid=a8d47110797841a4a391cfea300f7b78,False,85
140,204,294,327,545,384,BTS,"Butter (Hotter, Sweeter, Cooler)",Butter,2bgTY4UwhfBYhGT4HUYStN,0.759,0.459,8,-5.187,1,0.0948,0.0,0.0906,0.695,109.997,164442,4,https://p.scdn.co/mp3-preview/edf24f427483d886b640c5ed9944f9291e0976fc?cid=a8d47110797841a4a391cfea300f7b78,False,90
141,205,295,328,546,385,BTS,BE,Dynamite,4saklk6nie3yiGePpBwUoc,0.746,0.765,6,-4.41,0,0.0993,0.0,0.0936,0.737,114.044,199054,4,https://p.scdn.co/mp3-preview/a707728846c105f4d8552b8546c30b121bf517f0?cid=a8d47110797841a4a391cfea300f7b78,False,87
142,206,296,329,547,386,BTS,Permission to Dance,Permission to Dance,5eXBXreN3d1zdj6Sa8dS0u,0.702,0.741,9,-5.33,1,0.0427,0.0,0.337,0.646,124.925,187585,4,https://p.scdn.co/mp3-preview/bd13ce9878c8d1e463494ea24d62e0f37ad035f4?cid=a8d47110797841a4a391cfea300f7b78,False,80
143,207,297,330,548,387,BTS,Butter (feat. Megan Thee Stallion),Butter (feat. Megan Thee Stallion),3JR0ducCexKbeK47g6AHm5,0.739,0.588,8,-4.971,1,0.136,0.0,0.109,0.774,109.958,164457,4,https://p.scdn.co/mp3-preview/1e6e9df197f91847f7e88304a9f2f24778cf74af?cid=a8d47110797841a4a391cfea300f7b78,False,82
144,208,298,331,549,388,BTS,BE,Life Goes On,249gnXrbfmV8NG6jTEMSwD,0.566,0.716,1,-5.733,1,0.0424,0.0,0.37,0.45,81.068,207481,4,https://p.scdn.co/mp3-preview/9dc29ff47cbdda2d3c5a66b3fabf9c7420f62950?cid=a8d47110797841a4a391cfea300f7b78,False,82
145,209,299,332,550,389,BTS,MAP OF THE SOUL : PERSONA,Boy With Luv (feat. Halsey),5KawlOMHjWeUjQtnuRs22c,0.645,0.862,11,-4.757,0,0.0965,0.0,0.192,0.798,119.991,229773,4,https://p.scdn.co/mp3-preview/d16797fb391fb909f3c46454d7cf89a2718f8171?cid=a8d47110797841a4a391cfea300f7b78,False,81
146,210,300,333,551,390,BTS,MAP OF THE SOUL : 7,Filter,0ono6UCNVZ1XqOm6j78Blu,0.781,0.762,10,-5.188,0,0.0626,0.0,0.121,0.86,110.042,180221,4,https://p.scdn.co/mp3-preview/43c93d00d5efbf03937c1ca807fdb383399d598b?cid=a8d47110797841a4a391cfea300f7b78,False,80
147,211,301,334,552,391,BTS,Love Yourself 結 'Answer',Euphoria,3p6hnejEQYXkiTO1lAzVc0,0.637,0.799,2,-4.519,1,0.0338,0.0,0.0921,0.562,104.995,228615,4,https://p.scdn.co/mp3-preview/4e568b05c1355a8566d95b3e62b59ffbf24e091d?cid=a8d47110797841a4a391cfea300f7b78,False,79
148,212,302,335,554,393,Harry Styles,Fine Line,Watermelon Sugar,6UelLqGlWMcVH1E5c4H7lY,0.548,0.816,0,-4.209,1,0.0465,0.0,0.335,0.557,95.39,174000,4,https://p.scdn.co/mp3-preview/0c51b5f7ed852504844feebfb4f4b7f099452662?cid=a8d47110797841a4a391cfea300f7b78,False,89
149,213,303,336,555,394,Harry Styles,Fine Line,Falling,1ZMiCix7XSAbfAJlEZWMCp,0.567,0.267,4,-6.502,1,0.0299,1.46e-06,0.089,0.0592,110.011,240133,4,https://p.scdn.co/mp3-preview/755e88e49f038885df13efc6689381a2068e972d?cid=a8d47110797841a4a391cfea300f7b78,False,85
150,214,304,337,556,395,Harry Styles,Fine Line,Adore You,3jjujdWJ72nww5eGnfs2E7,0.676,0.771,8,-3.675,1,0.0483,7e-06,0.102,0.569,99.048,207133,4,https://p.scdn.co/mp3-preview/2dbeaa922270b3372d221f09c773a38696aed573?cid=a8d47110797841a4a391cfea300f7b78,False,84
151,215,305,338,557,396,Harry Styles,Fine Line,Golden,45S5WTQEGOB1VHr1Q4FuPl,0.448,0.838,4,-5.257,0,0.0557,0.000131,0.131,0.254,139.863,208907,4,https://p.scdn.co/mp3-preview/b8bbc5ca9cc5fc1a9ddb73fa47107f00c59c422c?cid=a8d47110797841a4a391cfea300f7b78,False,83
152,216,306,339,558,397,Harry Styles,Harry Styles,Sign of the Times,5Ohxk2dO5COHF1krpoPigN,0.516,0.595,5,-4.63,1,0.0313,0.0,0.109,0.222,119.972,340707,4,https://p.scdn.co/mp3-preview/af237206f611b722f48620ece049aff3b8650e77?cid=a8d47110797841a4a391cfea300f7b78,False,81
153,217,307,340,559,398,Harry Styles,Harry Styles,Kiwi,33SNO8AaciGbNaQFkxvPrW,0.375,0.93,2,-2.631,1,0.0561,0.0,0.318,0.491,147.124,176387,4,https://p.scdn.co/mp3-preview/1099b77c35ee3f5e08c976077b8ff8059a42f269?cid=a8d47110797841a4a391cfea300f7b78,False,78
154,218,308,341,560,399,Harry Styles,Fine Line,Fine Line,6VzcQuzTNTMFnJ6rBSaLH9,0.306,0.347,2,-8.5,1,0.0334,0.00013,0.0485,0.0511,120.996,377960,4,https://p.scdn.co/mp3-preview/31d591f73a4f5a01d2748893712984e44daad7f6?cid=a8d47110797841a4a391cfea300f7b78,False,78
155,219,309,342,561,400,Harry Styles,Harry Styles,Sweet Creature,5kRPPEWFJIMox5qIkQkiz5,0.427,0.262,7,-8.541,1,0.0276,0.0,0.068,0.228,104.085,224867,4,https://p.scdn.co/mp3-preview/c6545e608f8a8790f65edb274e92bdc6d4b133d5?cid=a8d47110797841a4a391cfea300f7b78,False,77
156,220,310,343,562,401,Harry Styles,Fine Line,Lights Up,4jAIqgrPjKLTY9Gbez25Qb,0.575,0.621,10,-8.165,0,0.032,0.0045,0.141,0.27,101.987,172213,4,https://p.scdn.co/mp3-preview/2a91b13bd532e2752e0c48d23a459b873d9bf530?cid=a8d47110797841a4a391cfea300f7b78,False,76
157,221,311,344,563,402,Harry Styles,Fine Line,She,6SQLk9HSNketfgs2AyIiMs,0.535,0.521,0,-5.942,1,0.0272,0.371,0.19,0.457,140.026,362653,3,https://p.scdn.co/mp3-preview/c09d0c910ed3f8de74a4b6774c78e9f57082de8b?cid=a8d47110797841a4a391cfea300f7b78,False,76
159,227,328,363,585,424,Maluma,Sobrio,Sobrio,4HzqWEdAbzcVFDv0pvxV4w,0.762,0.77,5,-2.758,1,0.223,0.0,0.15,0.631,177.998,201181,4,https://p.scdn.co/mp3-preview/2596dac361e0acdd8b6ac7daec529d58f72b012c?cid=a8d47110797841a4a391cfea300f7b78,False,89
160,228,329,365,587,426,Maluma,Perfecta,Perfecta,6VOb0Kkrd45Bp5RHYSla2J,0.762,0.797,6,-2.641,1,0.107,0.0,0.412,0.787,81.994,174932,4,https://p.scdn.co/mp3-preview/2ecab74adb92f61e96452f2f59e2a930f84ddcb3?cid=a8d47110797841a4a391cfea300f7b78,False,79
161,229,330,366,588,427,Maluma,PAPI JUANCHO,Hawái,1yoMvmasuxZfqHEipJhRbp,0.783,0.727,6,-3.454,0,0.389,2.46e-05,0.0626,0.558,180.067,199112,4,https://p.scdn.co/mp3-preview/e043d8462ac34889dde62ab064325d9cb55f8d32?cid=a8d47110797841a4a391cfea300f7b78,False,79
162,230,331,367,589,428,Maluma,"Aloha (feat. Darell, Mambo Kingz & Dj Luian)",Aloha,5RAIMjdrCEjpjaR5tBATXU,0.807,0.712,1,-5.757,1,0.1,2.37e-05,0.163,0.792,100.004,241659,4,https://p.scdn.co/mp3-preview/1a2d51bc1dad932ff5608b25d89e95aaaa8a547a?cid=a8d47110797841a4a391cfea300f7b78,False,79
163,231,332,368,590,429,Maluma,11:11,11 PM,7KbF6AdprOXEEHlsq11Z6d,0.777,0.712,10,-4.84,1,0.277,0.0,0.091,0.68,95.692,175733,4,https://p.scdn.co/mp3-preview/2993254fae01c3abd401c55d9d30937a8b130c9e?cid=a8d47110797841a4a391cfea300f7b78,False,76
164,232,333,369,591,430,Maluma,PAPI JUANCHO,Parce (feat. Justin Quiles),4RJz8NfIe09gpKMiRUWKhJ,0.691,0.739,5,-3.09,0,0.229,3.95e-06,0.11,0.884,83.897,248345,4,https://p.scdn.co/mp3-preview/36877b3663495e433d334271d88525774730aa98?cid=a8d47110797841a4a391cfea300f7b78,False,75
165,233,334,370,592,431,Maluma,Hawái (Remix),Hawái - Remix,0GzuHFG4Ql6DoyxFRnIk3F,0.766,0.788,6,-3.128,0,0.312,5.81e-06,0.142,0.609,179.984,200482,4,https://p.scdn.co/mp3-preview/387b491a7a8a2200379386e98f2f4a95506bb107?cid=a8d47110797841a4a391cfea300f7b78,False,75
166,235,336,372,594,433,Maluma,F.A.M.E.,Felices los 4,1RouRzlg8OKFeqc6LvdxmB,0.766,0.756,5,-5.861,1,0.132,0.0,0.349,0.716,94.027,230000,4,https://p.scdn.co/mp3-preview/ea9a6f1dd1f966628ffb51723ca2823e276517b1?cid=a8d47110797841a4a391cfea300f7b78,False,74
194,274,390,428,671,510,DJ Snake,Peace Is The Mission (Extended),Lean On,1Lim1Py7xBgbAkAys3AGAG,0.723,0.809,7,-3.081,0,0.0625,0.00123,0.565,0.274,98.007,176561,4,https://p.scdn.co/mp3-preview/a2fb514286bfd42f6b823f29ec3d965d90b89fb4?cid=a8d47110797841a4a391cfea300f7b78,False,73
195,275,391,429,672,511,DJ Snake,Turn Down for What,Turn Down for What,67awxiNHNyjMXhVgsHuIrs,0.818,0.799,1,-4.1,0,0.156,0.128,0.057,0.0815,100.014,213733,4,https://p.scdn.co/mp3-preview/fde5f6c570eb2ecaca797c0984a247a47d3fdc21?cid=a8d47110797841a4a391cfea300f7b78,False,72
204,290,410,453,713,552,J Balvin,Enoc,Una Locura,5y7DaS3jAc9eZzcSOoUIwU,0.714,0.761,5,-4.596,0,0.0427,0.00035,0.241,0.906,168.022,230693,4,https://p.scdn.co/mp3-preview/eb242ceac7bc7e879368beca1bff6a1d8b563829?cid=a8d47110797841a4a391cfea300f7b78,False,80
205,291,412,455,716,555,J Balvin,Relación (Remix),Relación - Remix,35UUpTmrcFXNIVIN26ujXl,0.793,0.771,5,-3.417,1,0.0959,1.51e-06,0.284,0.835,171.943,247308,4,https://p.scdn.co/mp3-preview/7ff3beb873e2fb8180d9964d51fcad2153ab4794?cid=a8d47110797841a4a391cfea300f7b78,False,79
206,292,413,456,717,556,Camila Cabello,Don't Go Yet,Don't Go Yet,1058fW9H3fZA6QjYCdOBad,0.666,0.796,10,-6.967,0,0.103,0.0,0.0442,0.61,110.108,164842,4,https://p.scdn.co/mp3-preview/aa06e95a1fbb185b61373f4b7c5c053e86df5d96?cid=a8d47110797841a4a391cfea300f7b78,False,88
207,293,414,457,719,558,Camila Cabello,Camila,Havana (feat. Young Thug),1rfofaqEpACxVEHIZBJe6W,0.765,0.523,2,-4.333,1,0.03,3.56e-05,0.132,0.394,104.988,217307,4,https://p.scdn.co/mp3-preview/663b794c2fc8da8f9bbe33698cb1bac567126a23?cid=a8d47110797841a4a391cfea300f7b78,False,81
208,294,415,458,720,559,Camila Cabello,Oh Na Na,Oh Na Na,03NqHNdG3Ur6kciQWK6e8V,0.744,0.862,0,-3.446,1,0.0622,5.58e-06,0.0889,0.688,115.021,203653,4,https://p.scdn.co/mp3-preview/e350725963807fc87e95a3523bafdc1466cfbd7b?cid=a8d47110797841a4a391cfea300f7b78,False,79
209,295,416,459,721,560,Camila Cabello,No.6 Collaborations Project,South of the Border (feat. Camila Cabello & Cardi B),4vUmTMuQqjdnvlZmAH61Qk,0.857,0.621,9,-6.376,0,0.0825,0.0,0.0865,0.668,97.989,204467,4,https://p.scdn.co/mp3-preview/686f1dc5c92030c8e4b48f94098386a89df4b06d?cid=a8d47110797841a4a391cfea300f7b78,False,79
210,296,417,460,722,561,Camila Cabello,Romance,My Oh My (feat. DaBaby),3yOlyBJuViE2YSGn3nVE1K,0.724,0.491,8,-6.024,1,0.0296,1.29e-05,0.0887,0.383,105.046,170746,4,https://p.scdn.co/mp3-preview/f4d0ff165605108542de7358547443d1a9f33fe3?cid=a8d47110797841a4a391cfea300f7b78,False,78
211,297,418,461,723,562,Camila Cabello,Beautiful (feat. Camila Cabello),Beautiful (feat. Camila Cabello),4VUwkH455At9kENOfzTqmF,0.638,0.717,2,-4.722,1,0.0337,0.0,0.105,0.249,100.027,180000,4,https://p.scdn.co/mp3-preview/f4919d159ccc28353ec076bdf5187c19a4f73dc8?cid=a8d47110797841a4a391cfea300f7b78,False,75
212,298,419,462,724,563,Camila Cabello,Camila,Never Be the Same,4eWQlBRaTjPPUlzacqEeoQ,0.637,0.713,0,-4.333,1,0.0747,0.000637,0.137,0.243,129.923,226973,4,https://p.scdn.co/mp3-preview/51da25797c110cf14b87c3b308f4a86cb3e0afd4?cid=a8d47110797841a4a391cfea300f7b78,False,74
217,312,454,497,764,603,Jason Derulo,Acapulco,Acapulco,3eJH2nAjvNXdmPfBkALiPZ,0.774,0.792,10,-4.021,1,0.0523,0.0,0.155,0.507,122.062,139672,4,https://p.scdn.co/mp3-preview/6291f886d5e33da6f0228a0ca664e0fa194f9558?cid=a8d47110797841a4a391cfea300f7b78,False,87
218,313,455,498,765,604,Jason Derulo,Take You Dancing,Take You Dancing,59qrUpoplZxbIZxk6X0Bm3,0.789,0.711,2,-4.248,1,0.041,0.0,0.0876,0.753,112.985,190306,4,https://p.scdn.co/mp3-preview/a571ff5fe255c4a51a609afa67bafd821ea396bf?cid=a8d47110797841a4a391cfea300f7b78,False,82
219,314,457,500,768,607,Jason Derulo,Love Not War (The Tampa Beat),Love Not War (The Tampa Beat),4Lt6GXGzYsa1tgkv3nGSTm,0.738,0.85,8,-3.049,1,0.0642,0.0,0.23,0.865,98.013,192921,4,https://p.scdn.co/mp3-preview/b70b19e458390d63a79b2e2de3ad58de7ca6ff62?cid=a8d47110797841a4a391cfea300f7b78,False,77
220,315,459,502,770,609,Jason Derulo,Everything Is 4,Want to Want Me,7oGZAicScQt96OAW4AruYy,0.775,0.68,0,-5.508,0,0.0629,0.0,0.109,0.656,114.025,207719,4,https://p.scdn.co/mp3-preview/d0727e5bbaef36980bc20f5c5cccf3c757af7bb0?cid=a8d47110797841a4a391cfea300f7b78,False,75
221,316,462,505,773,612,Jason Derulo,Future History (Deluxe Edition),It Girl,4fINc8dnfcz7AdhFYVA4i7,0.668,0.718,1,-4.736,0,0.0605,0.0,0.104,0.345,91.993,192200,4,https://p.scdn.co/mp3-preview/8d8bafaef1fec4bf1a99ab76918ad5593860d59b?cid=a8d47110797841a4a391cfea300f7b78,False,71
232,344,503,546,814,653,Mariah Carey,Merry Christmas,All I Want for Christmas Is You,0bYg9bo50gSsH3LtXe2SQn,0.336,0.627,7,-7.463,1,0.0384,0.0,0.0708,0.35,150.273,241107,4,https://p.scdn.co/mp3-preview/bbafd15ff484394a0ca106d5fef0a81eeea4ef5b?cid=a8d47110797841a4a391cfea300f7b78,False,84
233,345,504,547,815,654,Mariah Carey,Daydream,Fantasy,6xkryXuiZU360Lngd4sx13,0.669,0.727,7,-7.588,1,0.0353,0.0,0.123,0.807,102.322,243493,4,https://p.scdn.co/mp3-preview/61fb93f115e330ccf429e98c24f624b12f877fc5?cid=a8d47110797841a4a391cfea300f7b78,False,75
234,346,505,548,816,655,Mariah Carey,Daydream,Always Be My Baby,2aBxt229cbLDOvtL7Xbb9x,0.65,0.531,4,-8.335,1,0.0364,0.0,0.249,0.487,78.946,258133,4,https://p.scdn.co/mp3-preview/35f7b744521c0f3076f46b138b3c6d396ba99bfa?cid=a8d47110797841a4a391cfea300f7b78,False,73
235,347,506,549,817,656,Mariah Carey,Music Box,Without You,1kMOJBmpfWD9fir6st9uqS,0.576,0.526,6,-8.524,1,0.0325,2.01e-06,0.0548,0.147,122.06,213667,4,https://p.scdn.co/mp3-preview/44a2b4866d8409efb403abfeaf2f59811aafaa32?cid=a8d47110797841a4a391cfea300f7b78,False,71
236,348,507,550,818,657,Mariah Carey,Merry Christmas,Christmas (Baby Please Come Home),3PIDciSFdrQxSQSihim3hN,0.561,0.782,3,-7.444,1,0.0317,0.0,0.109,0.704,127.148,153240,4,https://p.scdn.co/mp3-preview/b218043b2fbb314ce430dda3631a8e7e49fb8953?cid=a8d47110797841a4a391cfea300f7b78,False,71
237,349,508,551,820,659,Mariah Carey,Music Box,Hero,4FCb4CUbFCMNRkI6lYc1zI,0.501,0.378,4,-9.37,1,0.029,0.0,0.119,0.178,119.987,257733,4,https://p.scdn.co/mp3-preview/cc03494b6954237706d6f2ac7b9ce189014f840a?cid=a8d47110797841a4a391cfea300f7b78,False,71
247,402,571,614,897,736,Marshmello,Silence,Silence,7vGuf3Y35N4wmASOKLUVVU,0.52,0.761,4,-3.093,1,0.0853,4.96e-06,0.17,0.286,141.971,180823,4,https://p.scdn.co/mp3-preview/d779881bd6bbcced00dbf7f5b87e3374bf7c058b?cid=a8d47110797841a4a391cfea300f7b78,False,80
265,454,638,682,1044,883,Hozier,Hozier (Expanded Edition),Take Me to Church,1CS7Sd1u5tWkstBhpssyjP,0.566,0.664,4,-5.303,0,0.0464,0.0,0.116,0.437,128.945,241693,4,https://p.scdn.co/mp3-preview/cdbb37ee18245800e331528fd781bac388da9254?cid=a8d47110797841a4a391cfea300f7b78,False,76
266,455,639,683,1046,885,Hozier,The Bones (with Hozier),The Bones - with Hozier,1yTTMcUhL7rtz08Dsgb7Qb,0.561,0.597,11,-6.0,0,0.0405,0.0,0.0979,0.355,76.826,197299,4,https://p.scdn.co/mp3-preview/e05874f657064f79368d2db7459c5a0ea8740b45?cid=a8d47110797841a4a391cfea300f7b78,False,72
273,473,665,709,1094,933,John Legend,Love In The Future (Expanded Edition),All of Me,3U4isOIWM3VvDubwSI3y7a,0.422,0.264,8,-7.064,1,0.0322,0.0,0.132,0.331,119.93,269560,4,https://p.scdn.co/mp3-preview/488c53471e56ff9f629652691444438951e880bb?cid=a8d47110797841a4a391cfea300f7b78,False,86
274,474,666,710,1095,934,John Legend,Minefields,Minefields,1OU4E4HiVjdak0mL4blVWT,0.476,0.686,1,-5.019,0,0.11,0.0,0.0997,0.243,152.617,190606,4,https://p.scdn.co/mp3-preview/79309bdfd6d9fbea888dc0e8dc4b4dc0b00fe057?cid=a8d47110797841a4a391cfea300f7b78,False,75
275,475,667,711,1096,935,John Legend,Bigger Love,Wild (feat. Gary Clark Jr.),4rVW6XqAsSaf5vOwc8FREW,0.557,0.585,8,-6.201,1,0.0431,0.0,0.176,0.305,63.392,196907,4,https://p.scdn.co/mp3-preview/67ad0f49cda5390f6210c9fdd25e2cc061d40a70?cid=a8d47110797841a4a391cfea300f7b78,False,74
277,490,684,728,1124,963,James Arthur,Back from the Edge,Say You Won't Let Go,5uCax9HTNlzGybIStD3vDh,0.358,0.557,10,-7.398,1,0.059,0.0,0.0902,0.494,85.043,211467,4,https://p.scdn.co/mp3-preview/00825cb1779b31d68964eda6f2a7911fc2ae96c6?cid=a8d47110797841a4a391cfea300f7b78,False,85
278,491,685,729,1125,964,James Arthur,Back from the Edge,Train Wreck,55Am8neGJkdj2ADaM3aw5H,0.311,0.485,6,-5.726,0,0.0365,0.0,0.0726,0.225,77.355,208827,4,https://p.scdn.co/mp3-preview/7630273bed15c2d02e6fc2a5a39a3f9f46092795?cid=a8d47110797841a4a391cfea300f7b78,False,82
279,492,686,730,1126,965,James Arthur,James Arthur (Deluxe),Impossible,5yVIlYEHZxQVLyInCdldoS,0.376,0.695,0,-4.782,0,0.0933,0.0,0.11,0.302,169.533,209440,4,https://p.scdn.co/mp3-preview/a13974858d1b0d77ce6f62b7a1690e49bfd049c4?cid=a8d47110797841a4a391cfea300f7b78,False,77
280,493,687,731,1127,966,James Arthur,Back from the Edge,Can I Be Him,0VhgEqMTNZwYL1ARDLLNCX,0.696,0.543,11,-6.164,1,0.0489,0.0,0.0939,0.479,107.969,246880,4,https://p.scdn.co/mp3-preview/b2ff093a841870fe7d42fde3689e54222d581d88?cid=a8d47110797841a4a391cfea300f7b78,False,77
281,494,688,732,1128,967,James Arthur,Lasting Lover,Lasting Lover,0DmAvNCAK08oCi7miSZUIY,0.676,0.786,1,-4.529,1,0.0478,0.0,0.0943,0.483,125.983,218359,4,https://p.scdn.co/mp3-preview/d1b8e3f81518223c8d693037fcdaf6acdee081c7?cid=a8d47110797841a4a391cfea300f7b78,False,76
282,496,690,734,1130,969,James Arthur,Rewrite The Stars (with James Arthur & Anne-Marie),Rewrite The Stars (with James Arthur & Anne-Marie),6mQLN3zRtAp6ovjusyYKrV,0.67,0.743,10,-4.993,1,0.0393,0.0,0.465,0.571,125.944,218293,4,https://p.scdn.co/mp3-preview/d3b9071d04ca78ce322c3f8e2304dd13c9cae5f8?cid=a8d47110797841a4a391cfea300f7b78,False,74
283,497,691,735,1131,970,James Arthur,YOU,Falling Like The Stars,395KzBy0bkb57dEvg6cfzJ,0.3,0.347,6,-9.542,1,0.0364,2.14e-06,0.111,0.164,169.361,211653,3,https://p.scdn.co/mp3-preview/89d3c59b79c33e18faf27ce2412b588535fccf06?cid=a8d47110797841a4a391cfea300f7b78,False,71
284,500,694,738,1148,987,OneRepublic,Golden Hour,Lose Somebody,1sgDyuLooyvEML4oHspNza,0.58,0.586,1,-6.883,1,0.0357,0.0,0.0755,0.507,147.988,199549,4,https://p.scdn.co/mp3-preview/f1d4debe683b58e38fe1bb71d5fdc8bbf0bccae6?cid=a8d47110797841a4a391cfea300f7b78,False,75
288,508,707,751,1187,1026,Shawn Mendes,KESI (Remix),KESI - Remix,0IqCoZ168iRc9LqfrYgpZy,0.871,0.815,4,-4.439,1,0.0477,6.18e-06,0.094,0.823,122.959,176575,4,https://p.scdn.co/mp3-preview/a5e5c6e17c653ec43447b072b532321ca03d18c1?cid=a8d47110797841a4a391cfea300f7b78,False,82
302,571,807,851,1346,1185,Sam Smith,Promises (with Sam Smith),Promises (with Sam Smith),5N5k9nd479b1xpDZ4usjrg,0.781,0.768,11,-5.991,1,0.0394,4.91e-06,0.325,0.486,123.07,213309,4,https://p.scdn.co/mp3-preview/c78e0a33c394091314b35a2fd42b0102cc8fb1cd?cid=a8d47110797841a4a391cfea300f7b78,False,76
